Recipient,Amount
MULTIPLE_RECIPIENTS,54116342527.00
Health_Care_Finance_Admin_Bureau_of_TennCare,4985811479.00
TN_ST_DEPARTMENT_OF_HUMAN_SERVICES,468346978.00
TN_DEPT_OF_EDUCATION,352311278.00
EDUCATION_TENNESSEE_DEPARTMENT_OF,180294716.00
MULTIPLE_RECIPIENTS,165626192.00
TN_DEPT_OF_HUMAN_SERVICES,127125396.00
TN_DEPT_OF_HEALTH,115052916.00
FIRST_TENNESSEE_BANK_NATIONAL_ASSOCIATION,100000000.00
TN_ST_DEPARTMENT_OF_CHILDREN_SERVICES,94961639.00
UNIVERSITY_OF_TENNESSEE,63135511.00
HUMAN_SERVICES_TENNESSEE_DEPARTMENT_OF,60925477.00
STATE_OF_TENNESSEE,51220054.00
VANDERBILT_UNIVERSITY_THE,49335226.00
MIDDLE_TENNESSEE_STATE_UNIVERSITY,47146708.00
METROPOLITAN_DEV_HOUSING_AGENCY,46547610.00
TENNESSEE_STATE_UNIVERSITY,43002623.00
TN_Dept_of_Environment_and_Conservation,41862106.00
UNIVERSITY_OF_MEMPHIS,41821531.00
TN_DEPARTMENT_OF_LABOR_AND_WORKFORCE_DEVELOPM,34034000.37
MILITARY_TENNESSEE_DEPARTMENT_OF,32017689.00
CITY_OF_MEMPHIS,30809569.00
MILLER_MOTTE_BUSINESS_COLLEGE_INC_,29773979.00
SOUTHWEST_TENN_CMNTY_COLLEGE,29458809.00
HA_MEMPHIS,26136379.00
TN_Commission_on_Aging_and_Disability,24393605.00
AUSTIN_PEAY_STATE_UNIVERSITY,23738323.00
CHATTANOOGA_STATE_COMMUNITY_COLLEGE,22803431.00
CHATTANOOGA_H_A,21480746.00
NASHVILLE_STATE_TECHNICAL_COMMUNITY_COLLEGE,21296476.00
STATE_OF_TENNESSEE,21123971.00
WILDLIFE_RESOURCES_AGENCY_TENNESSE,18346671.00
PELLISSIPPI_STATE_TECHNICAL_COMMUNITY_COLLEGE,18250323.00
Tennessee_Department_of_Finance_and_Administr,17754949.00
STATE_OF_TENNESEE,17125566.00
EAST_TENNESSEE_STATE_UNIVERSITY,16695922.00
NORTHEAST_STATE_COMMUNITY_COLLEGE,16531860.00
TN_ST_DEPARTMENT_OF_HEALTH,15837404.00
UNIVERSITY_OF_TENNESSEE,15729494.00
BETHEL_UNIVERSITY,15674258.00
UNIVERSITY_OF_TENNESSEE,15169132.00
Tennessee_State_Veterans_Home_Board,14674400.00
ILLINOIS_PARKWAY_LTD_,13127932.00
UNIVERSITY_OF_TENNESSEE,13030273.00
VOLUNTEER_STATE_COMMUNITY_COLLEGE,12506713.00
TN_ST_COMMUNITY_SERVICES_ADMINISTRATION,12457212.00
TENNESSEE_TECHNOLOGICAL_UNIVERSITY,12143204.00
ROANE_STATE_COMMUNITY_COLLEGE,12127556.00
LANE_COLLEGE,11818255.00
LABOR_AND_WORKFORCE_DEVELOPMENT_TENNESSEE_DE,11434051.00
UNIVERSITY_OF_TENNESSEE,10999771.00
COLUMBIA_STATE_COMMUNITY_COLLEGE,9264801.00
JACKSON_STATE_COMMUNITY_COLLEGE,9104880.21
GMF_Jacksonville_Pool_LLC,9006760.00
UNIVERSITY_OF_TENNESSEE,8947787.00
CLARKSVILLE_MONTGOMERY_COUNTY_SCHOOL_SYSTEM,8833942.00
FISK_UNIVERSITY,8635922.00
LEE_UNIVERSITY,7923308.00
CLEVELAND_STATE_COMMUNITY_COLLEGE,7844643.00
DYERSBURG_STATE_COMMUNITY_COLLEGE,7782059.00
LEMOYNE_OWEN_COLLEGE,7583357.00
THE_VANDERBILT_UNIVERSITY,7391363.00
TUSCULUM_COLLEGE,7339301.00
WALTERS_STATE_COMMUNITY_COLLEGE,7329067.00
MEHARRY_MEDICAL_COLLEGE,7263084.00
OAK_RIDGE_ASSOCIATED_UNIVERSITIES_INCORPORAT,7234294.00
ELECTRIC_POWER_RESEARCH_INSTITUTE_INC_,6937952.00
SOUTHERN_ADVENTIST_UNIVERSITY,6434185.00
TENNESSEE_DEPARTMENT_OF_LABOR_AND_WORKFORCE_D,6385970.63
DAYTON_NORTHLAND_VILLAGE_APARTMENTS,6291344.00
SIGNIFICANTPSYCHOLOGY_LLC,6188539.00
HA_JACKSON,5870487.00
CONCORDE_CAREER_COLLEGES_INC,5869813.00
MOTLOW_STATE_COMMUNITY_COLLEGE,5853466.00
HA_JOHNSON_CITY,5825950.00
HA_LA_FOLLETTE,5813658.00
LINDEN_CAMILLA_TOWERS,5610198.00
CITY_OF_CHATTANOOGA,5310963.00
Tennessee_Veterans_Home_Murfreesboro,5123105.00
Ben_Atchley_State_Veteran_s_Home,5114899.00
TENNESSEE_EMERGENCY_MANAGEMENT_AGEN,5015491.00
STATE_OF_TENNESSEE,5000000.00
Tennessee_Bureau_of_Investigation,4972680.00
UNITED_SOUTH_AND_EASTERN_TRIBES_INC,4764313.00
OAK_RIDGE_ASSOCIATED_UNIVERSITIES,4665000.00
INTERNATIONAL_PAPER_COMPANY,4635000.00
HA_KINGSPORT,4591140.00
PELLISSIPPI_STATE_COMMUNITY_COLLEGE,4569689.00
KING_COLLEGE_INC_,4553084.00
HA_MORRISTOWN,4541344.00
BELMONT_UNIVERSITY,4388356.00
Tennessee_State_Veterans_Home_Humboldt,4313340.00
UNION_UNIVERSITY,4275408.00
HIGHER_EDUCATION_COMMISSION_TENNESSEE,4227183.00
Tennessee_Department_of_Agriculture,4214517.00
ELECTRIC_POWER_RESEARCH_INSTITUTE_INC_,4200001.00
NATIONAL_COLLEGE_OF_TENNESSEE_INC_,4157089.00
BOARD_OF_EDUCATION_MEMPHIS_CITY_SCHOOLS,4135575.00
LINCOLN_MEMORIAL_UNIVERSITY,3951225.00
THE_VANDERBILT_UNIVERSITY,3951000.00
UNIVERSITY_OF_TENNESSEE,3821930.00
HA_CLARKSVILLE,3769593.00
EDGE,3655504.00
SHELBY_COUNTY,3634867.00
HA_COOKEVILLE,3489488.00
TENNESSEE_MILITARY_DEPT_EMA,3459364.00
VANDERBILT_UNIVERSITY_THE,3340599.00
LIPSCOMB_UNIVERSITY,3305644.00
TN_DEPT_OF_LABOR_WORKFORCE_DEVLOPMENT,3303946.00
CITY_OF_MEMPHIS,3265939.00
SOUTH_COLLEGE_OF_TENNESSEE,3215755.00
CARSON_NEWMAN_COLLEGE,3180331.00
HA_DYERSBURG,3139206.00
HA_MCMINNVILLE,3102119.00
TENNESSEE_CONFERENCE_OF_THE_UNITED_METHODIST,3049515.00
THE_COLONY_APARTMENTS,3026980.00
PEPPERTREE_LTD,3025559.00
CLASSIC_AMERICAN_HARDWOODS_INC_,3000000.00
TN_Dept_of_Labor_and_Workforce_Development,2999000.00
SOUTHWEST_TENNESSEE_COMMUNITY_COLLEGE,2993615.00
DENVER_ACQUISITON_CORP_,2980507.00
HA_GALLATIN,2899365.00
HA_MURFREESBORO,2899353.00
ENVIRONMENT_AND_CONSERVATION_TENNESSEE_DEPAR,2880900.00
FREED_HARDEMAN_UNIVERSITY,2830799.00
ANALYSIS_AND_MEASUREMENT_SERVICES_CORPORATION,2797541.00
Tennessee_Department_of_Veterans_Affairs,2796868.00
ENVIRONMENT_AND_CONSERVATION_TENNE_SEE_DEPAR,2768004.00
BRYAN_COLLEGE,2751913.00
Southwest_Tennessee_Community_College,2661480.00
TENNESSEE_DEPT_OF_AG,2597132.00
HA_SHELBYVILLE,2583050.00
TREVECCA_NAZARENE_UNIVERSITY,2579531.00
BERKSHIRE_PLACE_APARTMENTS,2577747.00
TENNESSEE_TECHNOLOGY_CENTER_AT_MEMPHIS,2574619.00
HA_ATHENS,2511154.00
HA_CLEVELAND,2503148.00
CLARKSVILLE_MONTGOMERY_CO,2500000.00
HA_NEWPORT,2487874.00
Volunteer_Tennessee,2485868.00
CITY_OF_CLARKSVILLE,2474674.00
TOWNVIEW_TOWERS_I,2434016.00
CHRISTIAN_BROTHERS_UNIVERSITY,2427384.00
PLAZA_TOWERS_APARTMENTS,2392059.00
MARYVILLE_COLLEGE,2374673.00
TENNESSEE_WESLEYAN_COLLEGE_THE_,2370944.00
Tennessee_Department_of_Safety_and_Homeland_S,2361340.00
Tennessee_Bureau_of_Investigations,2351154.00
BAPTIST_MEMORIAL_COLLEGE_OF_HEALTH_SCIENCES_I,2330093.00
DIOCESE_OF_MEMPHIS_HOUSING,2326802.00
DREXEL_TOWERS,2220213.00
HA_CROSSVILLE,2179018.00
TAI_YANG_RESEARCH_COMPANY,2150082.00
DIVISION_OF_SPONSORED_RESEARCH,2117863.00
CUMBERLAND_UNIVERSITY,2110771.00
KNOXVILLE_COMMUNITY_DEVEL_CORP,2110083.00
RHODES_COLLEGE_TENNESSEE_INC_,2099025.00
TIVOLI_PLACE_LTD,2086894.00
HA_FRANKLIN,2070567.00
HSG_DEV_AGENCY_ELIZABETHTON,2058718.00
HA_HARRIMAN,2049558.00
BANKHEAD_TOWERS_LTD,2042257.00
CITY_OF_BRISTOL,2000560.00
JDC_COATINGS_INC_,2000000.00
STORM_MANUFACTURING_CORPORATION,2000000.00
RETUBECO_INC_,2000000.00
Tennessee_Wildlife_Resources_Agency,1998735.00
HA_MARYVILLE,1939629.00
ENVIROMENT_AND_CONSERVATION_TENNESSEE_DEPT_OF,1920420.00
HA_LAWRENCEBURG,1907340.00
TENNESSEE_TEMPLE_UNIVERSITY,1901270.00
MEMPHIS_JEWISH_HOUSING_DEVELOPMENT_CORP,1890970.00
HA_CLINTON,1881678.00
HA_DAYTON,1823220.00
TREVECCA_TOWERS_INC,1815668.00
STATE_OF_TENNESSEE,1804720.00
University_of_Tennessee,1780820.00
TN_DEPT_OF_AGRICULTURE,1775258.00
HA_GREENEVILLE,1760065.00
H_A_COLUMBIA,1755135.00
WILDLIFE_RESOURCES_AGENCY_TENNESSE_E,1751412.00
SOUTHARK_GARDEN_APARTMENTS,1750120.00
TENNESSEE_TECHNOLOGY_CENTER_AT_NASHVILLE,1743232.00
MIDDLE_TENNESSEE_SCHOOL_OF_COSMETOLOGY_INC,1731105.00
BUFFALO_VALLEY_INC,1693263.00
TN_DEPARTMENT_OF_FINANCE_AND_ADMINISTRATION,1679878.00
Jamestown_City_of,1676020.00
CHATTANOOGA_COLLEGE_MEDICAL_DENTAL_TECHNI,1658874.00
HA_FAYETTEVILLE,1650772.00
HA_SPRINGFIELD,1639690.00
HA_COVINGTON,1630437.00
Irvington_Seniors_Urban_Renewal_LLC,1618836.00
KELLY_MILLER_SMITH_TWS,1611223.00
MILLIGAN_COLLEGE,1608965.00
Shelby_County,1607334.00
HA_BRISTOL,1593753.00
CITY_OF_JACKSON,1581360.00
HA_MARTIN,1564796.00
TENNESSEE_TECHNOLOGY_CENTER_AT_ELIZABETHTON,1550393.00
Tennessee_State_Library_and_Archives,1542569.00
KNOLLCREST_APARTMENTS,1522230.00
City_of_Lobelville,1520000.00
UNIVERSITY_OF_THE_SOUTH_THE,1515345.00
Loudon_Utilities_Board,1500000.00
POLYMER_TECHNOLOGY_SERVICES_L_L_C_,1500000.00
FLORATINE_PRODUCTS_GROUP_INC_,1500000.00
H_A_RIPLEY,1496493.00
PROJECT_RETURN_INC_,1494185.59
TENNESSEE_TECHNOLOGY_CENTER_AT_MORRISTOWN,1446674.00
IDB_of_Blount_Cnty,1445330.00
HA_UNION_CITY,1444244.00
METROCENTER_TEACHERS,1441087.00
WRIGHT_MEDICAL_GROUP_INC_,1440000.00
TN_St_Division_of_Mental_Retardation_Services,1426128.00
CATHOLIC_CHARITIES_OF_TN_INC_,1397913.00
TENNESSEE_TECHNOLOGY_CENTER_AT_JACKSON,1380550.00
TENNESSEE_TECHNOLOGY_CENTER_AT_DICKSON,1368210.00
HA_SOUTH_PITTSBURG,1341816.00
Everest_Tillery_Ridge_LP,1327810.00
NEW_WESLEY_HIGHLAND_TOWERS,1315748.00
TENNESSEE_TECHNOLOGY_CENTER_AT_KNOXVILLE,1296996.00
FRANKLIN_CO_CONSOLIDATED_H_A,1292865.00
HAYNES_GARDEN_APARTMENTS,1284454.00
HA_LEXINGTON,1276274.00
Cumberland_EMC,1258000.00
Knoxville_Knox_County_Action_Committee,1250266.00
JACKSON_STATE_COMMUNITY_COLLEGE,1235968.00
SE_TN_Human_Resource_Agency,1229280.00
TENNESSEE_STATE_UNIVERSITY,1215329.00
Greeneville_W_L,1205000.00
HA_SEVIERVILLE,1202527.00
HA_PULASKI,1200010.00
Tech_2020,1200000.00
Franklin_County_Government,1194215.00
JPL_Greenwood_Inc,1192014.00
HA_TRENTON,1185721.00
HOUSING_NOW_FLAGET_INC,1176551.00
HERITAGE_ACRES_XV,1159032.00
EAGLEVILLE_City_of,1138570.00
JOHNSON_UNIVERSITY,1137339.00
DOUGLAS_CHEROKEE_ECONOMIC_AUTHORITY_INC_,1136429.00
JON_NAVE_COIFFURES_INC,1118354.00
HA_LEWISBURG,1103488.00
WIN_CITY_OF_MEMPHIS,1100000.00
HA_JEFFERSON,1099587.00
BEDFORD_MANOR_APTS,1092376.00
WEST_TENNESSEE_BUSINESS_COLLEGE,1075047.00
FIRST_THINGS_FIRST,1070834.00
TENNESSEE_TECHNOLOGY_CENTER_AT_SHELBYVILLE,1052051.00
HIWASSEE_COLLEGE,1038099.00
JOHNSON_BIBLE_COLLEGE,1037423.00
ST_JUDE_CHILDREN_S_RESEARCH_HOSPITAL,1033058.00
UNIV_TENNESSEE_SYSTEM_OFFICE,1025783.00
TENNESSEE_TECHNOLOGY_CENTER,1024909.00
MEMPHIS_COLLEGE_OF_ART,1024528.00
BATTLEWOOD_APTS,1017928.00
TENNESSEE_TECHNOLOGY_CENTER_AT_LIVINGSTON,1014331.00
REGENTS_TENNESSEE_BOARD_OF,1008411.00
HA_ROGERSVILLE,1006787.00
BIRMINGHAM_TOWERS_LIMITED,1003227.00
Mooresburg_Utility_District,1002311.00
FBSCIENCES_INC_,1000000.00
KNOXVILLE_LEADERSHIP_FOUNDATION,1000000.00
MEMPHIS_LEADERSHIP_FOUNDATION,1000000.00
Nashville_Young_Women_s_Christian_Associatio,1000000.00
NGK_METALS_CORPORATION,1000000.00
Martha_O_Bryan_Center,1000000.00
MIDDLE_TENNESSEE_LUMBER_COMPANY_INC_,1000000.00
K_B_INTERNATIONAL_LLC,1000000.00
Lincoln_Co,1000000.00
Hamilton_County_Sheriff_s_Department,1000000.00
JOHN_MADISON_EXUM_TWRS,997106.00
Jonesborough_Town_of,993947.00
State_of_Tennessee_LMI,981574.00
CRIMSON_CORPORATION,979714.00
HA_SMITHVILLE,973152.00
Operation_Stand_Down_Nashville_Inc_,973077.00
HAYGOOD_NEAL_GARDEN_APARTMENTS,969032.00
Tonawanda_II_LP,963508.00
COUNTY_OF_KNOX,962832.00
MARIANNA_MANOR_APTS_ALCO_MANAGEMENT,953153.00
HA_PARIS,952311.00
WOODLAWN_UTILITY,940493.00
KNOXVILLE_COMMUNITY_DEVEL_CORP,940178.00
Disability_Law_Advocacy_Center_of_Tennessee,934708.00
Tennessee_Technology_Development_Corporation,934089.00
UNIVERSITY_OF_MEMPHIS,931654.00
RAYMOND_WATKINS_APARTMENTS,920547.00
AMERICAN_BAPTIST_THEOLOGICAL_SEMINARY,913900.00
HA_HUNTINGDON,901328.00
POWER_TELEPHONE_SUPPLY_COMPANY,900000.00
Triad_Mechanical_Company_Inc_,899539.00
ORANGE_GROVE_CENTER_INC_,897090.00
Tennessee_Commission_On_Children_And_Youth,896688.00
STONE_MOUNTAIN_TECHNOLOGIES_INC_,889225.00
Metro_Lynchburg_Moore_County,879885.00
GENESIS_CAREER_COLLEGE_AT_LEBANON,859057.00
JACKSON_MANOR_APARTMENTS,852874.00
TENNESSEE_TECHNOLOGY_CENTER_AT_HARTSVILLE,851345.00
TENNESSEE_OPPORTUNITY_PROGRAMS_INC,850498.00
Cocaine_and_Alcohol_Awareness_Program_Inc_,845798.00
TREVECCA_TOWERS_II,842785.00
S_CENTRAL_VILLAGE,835520.00
AQUINAS_COLLEGE,825095.00
ATLANTA_NAPFE_TOWERS,821929.00
ENVIRONMENT_AND_CONSERVATION_TENNE_SSEE_DEPA,820961.00
FOUNTAINHEAD_COLLEGE_OF_TECHNOLOGY_INC,813907.00
TENNESSEE_TECHNOLOGY_CENTER_AT_NEWBERN,810092.00
WEST_LOUISVILLE_HOUSING,809238.00
TENNESSEE_TECHNOLOGY_CENTER_AT_HARRIMAN,807173.00
JOHN_GUY_PRINDLE_APARTMENTS,796094.00
ENVIRONMENT_AND_CONSERVATION_TENNE_SSEE_DEPA,795665.00
TENNESSEE_TECHNOLOGY_CENTER_AT_MURFREESBORO,790664.00
HA_BROWNSVILLE,785843.00
EMERGENCY_MANAGEMENT_AGENCY_TENNESSEE,783866.00
HA_DICKSON,770933.00
HARRIMAN_GARDENS_LTD,770440.00
HA_SPARTA,769275.00
HA_MCKENZIE,767250.00
UNIVERSITY_OF_TENNESSEE,757869.00
SOUTH_MAURY_COUNTY_FIRE_DEPARTMENT,753784.00
RENEWABLE_ALGAL_ENERGY_LLC,750000.00
FOWLER_LUMBER_COMPANY,750000.00
FRANK_A_CONKLING_COMPANY_THE,750000.00
NATHAN_GALINSKY_APARTMENTS,746243.00
Knoxville_Knox_County_Community_Action_Commit,743323.00
GOLDEN_AGE_RETIREMENT,741892.00
LEA_JENNY_ACADEMY_OF_COSMETOLOGY,739933.00
Humanities_Tennessee,735210.00
HA_NEWBERN,734740.00
MEMPHIS_INSTITUTE_OF_BARBERING_INC_,728222.00
HA_SWEETWATER,725788.00
HA_LENOIR,725733.00
Vanderbilt_University,721757.00
JAYCEE_FUTURE_CORP,719959.00
ROSEWOOD_APTS_LTD_,717789.00
ROSS_THE_BOSS_INC_,717746.00
GREENVILLE_TERRACE_APTS_,714099.00
Tennessee_Arts_Commission,713800.00
UNIVERSITY_OF_MEMPHIS_THE,713511.00
CLEVELAND_CITY_OF_,706902.00
ECONOMIC_AND_COMMUNITY_DEVELOPMENT_TENNESSEE,704060.00
Tennessee_Tile_Marble_Co_Inc_,693160.00
HA_PORTLAND,688047.00
TENNESSEE_TECHNOLOGY_CENTER_AT_MCMINNVILLE_IN,683798.00
INTERNATIONAL_BARBER_STYLE_COLLEGE_LLC,676484.00
PRINCETON_PARK_APTS_,673929.00
Trowel_Trades_LLC,672582.00
WASHINGTON_SQUARE_III,672256.00
UNIVERSITY_OF_TENNESSEE,670195.00
HA_MT_PLEASANT,670097.00
MALEK_INC,669089.00
HA_JELLICO,664178.00
WOODSIDE_APARTMENTS,663217.00
Steven_Hudson_dba_Hudson_Construction,659920.00
TENNESSE_TECHNOLOGY_CENTER_AT_ATHENS,658107.00
TENNESSEE_FAIR_HOUSING_COUNCIL,650000.00
PHDS_CO_,650000.00
TENNESSEE_TECHNOLOGY_CENTER_AT_JACKSBORO,648932.00
HA_ROCKWOOD,647664.00
PIGEON_FORGE_FIRE_DEPARTMENT,642465.00
SOUTH_CENTRAL_VILLAGE_OF_MS,642248.00
HA_LOUDON,637154.00
UNICOI_COUNTY_OF,636627.00
TENNESSEE_HOUSING_DEVELOPMENT_AGENCY,634509.00
Town_of_Mosheim,628404.00
HA_OAK_RIDGE,628218.00
MAURY_COUNTY_FIRE_DEPARTMENT,622662.00
ShelbyCo_HD_Shelby_County_Health_Department,616952.00
TENNESSEE_TECHNOLOGY_CENTER_AT_MC_KENZIE,616694.00
HA_ETOWAH,615667.00
MID_SOUTH_FAMILY_FARMS,615357.00
TENNESSEE_TECHNOLOGY_CENTER_AT_ONEIDA,614724.00
Buffalo_Valley_Inc_,613477.00
GMF_Rensselaer_Housing_LLC,605636.00
SPECTRUM_LUBRICANTS_CORP_,600000.00
HA_BOLIVAR,597803.00
TENNESSEE_BOARD_OF_REGENTS,591431.00
Porter_Leath_Children_Center,591185.00
WOODLAND_HOMES_RENT_AC,590500.00
EASTRIDGE_APTS,586526.00
WOODSTONE_APTS_CO_TES,584094.00
NAVE_COSMETOLOGY_ACADEMY,582856.00
Steps_House_Inc_,582357.00
The_Conseco_Group_Inc_,579807.00
TENNESSEE_SUPREME_COURT,578914.00
GIRLS_INCORPORATED_OF_MEMPHIS,578604.00
TENNESSEE_TECHNOLOGY_CENTER_AT_PULASKI,578341.00
STATE_OF_TENNESSEE,576134.00
Exterior_Concepts_Inc_,574827.00
City_of_Knoxville,572392.00
STEWART_COUNTY_SCHOOL_DISTRICT,562483.00
DISABILITY_LAW_ADVOCACY_CENTER_OF_TENNESSE,555423.00
CENTRAL_US_EARTHQUAKE_CONSORTIUM,550000.00
HA_LAFAYETTE,549351.00
JAMES_AGEE_FILM_PROJECT_THE,548650.00
ASHLAND_HEIGHTS_LP,546840.00
TN_Dept_of_Agriculture,545960.00
GIBSON_COUNTY_FIRE_DEPARTMENT,544413.00
HA_WOODBURY,543892.00
D_A_S_Electric_Inc_,536390.00
UNIVERSITY_OF_TENNESSEE_DIV_OF_CONTINUING_ED,535215.00
VANDERBILT_UNIVERSITY_HOSPITAL_CHILDREN_S_RE,535215.00
CITY_OF_MORRISTOWN,533484.00
HA_MILAN,532964.00
BRADLEY_COUNTY_OF,532614.00
WASHINGTON_SQ_PHASE_I,532374.00
AUSTIN_PEAY_STATE_UNIVERSITY,527964.00
Mt_Pleasant_City_Of,526140.00
ALPHA_OMEGA_VETERANS_SERVICES_INC,526028.00
Dover_Town_of,523191.00
Northwest_Clay_Utility_District,521050.00
KELLEY_ENTERPRISES,520770.00
KING_UNIVERSITY,519341.00
CHRISTIAN_TOWERS_OF_GALLATIN,515816.00
PICKENS_OPERATING_ACCT,514811.00
RIVERHILL_ESTATE_APTS_,514014.00
PLANNED_PARENTHOOD_OF_GREATER_MEMPHIS_REGION,512300.00
GMF_Rensselaer_Housing_LLC,508913.00
OAK_CREEK_APTS,507708.00
EPISCOPAL_HSG_DEV,502049.00
Chattanooga_Hamilton_Co_Air_Pollution_Contro,500324.00
ALDIS_INC_,500000.00
County_of_Cocke,500000.00
HERMITAGE_HARDWOOD_LUMBER_SALES_INC_,500000.00
WILLIAMS_AEROSPACE_LLC_,500000.00
Town_of_Decatur,500000.00
STINGER_INDUSTRIES,500000.00
Town_of_Livingston,500000.00
QUEEN_CITY_COLLEGE,499836.00
EASTWOOD_MANOR_APTS,499548.00
METROPOLITAN_INTER_FAITH_ASSN,498148.00
CITY_OF_JOHNSON_CITY,498030.00
CITY_OF_FRANKLIN,493494.00
URBAN_HOUSING_SOLUTIONS,491551.00
Metropolitan_Government_of_Nashville_And_Davi,490328.00
Running_Brook_Limited,489764.00
PULASKI_TERRACE_APTS,488318.00
LIVINGSTON_HOUSING_AUTHORITY,486957.00
Vanderbilt_University_Medical_Center,486598.00
CHILD_FAMILY_TENNESSEE,486317.00
Town_of_Surgoinsville,485000.00
WILDLIFE_RESOURCES_AGENCY_TENNESSE_E,484411.00
FAIRVIEW_FIRE_DEPARTMENT,483459.00
CITY_OF_HENDERSONVILLE,483138.00
COURTYARD_APARTMENTS,482736.00
WESLEY_HIGHLAND_MEADOWS_PINE_RIDGE,479434.00
WHISPERING_OAKS_LTD,477908.00
The_University_of_Tennessee,476382.00
NORTH_MEMPHIS_COMMUNITY_DEVELOPMENT_CORP,471765.00
FALL_RIVER_UTILITY_DISTRICT,465787.00
HENDERSONVILLE_FIRE_DEPARTMENT,464903.00
WESTMINSTER_PLACE,464261.00
GGS_COOKEVILLE_LLC,462649.00
Pulaski_City_of,460000.00
HA_OLIVER_SPRINGS,458921.00
FREE_WILL_BAPTIST_BIBLE_COLLEGE,458105.00
WESLEY_HOMES_LAKE_CO,457916.00
HA_HOHENWALD,457094.00
United_South_and_Eastern_Tribes_Inc_,457000.00
ACRO_Construction_LLC,454134.00
WATKINS_INSTITUTE,452452.00
PLAZA_BEAUTY_SCHOOL_INC,451553.00
WEARWELL_INC_,450000.00
JEFFREY_CHAIN_L_P_,450000.00
HUBBLE_TELEMEDICAL_INC_,449997.00
ASSOCIATED_CATHOLIC_CHARITIES_INC,448219.00
SHILOH_HOUSING_INC,445613.00
HA_MILLINGTON,444636.00
RIPLEY_HOUSING_PARTNERS,444581.00
ENON_PLAZA_NBC_USA_IX_INC,439349.00
TENNESSEE_TECHNOLOGY_CENTER_AT_COVINGTON,439205.00
Johnson_City_Bureau_of_Police,439077.00
AGAPE_CHILD_FAMILY_SERVICES,438905.00
TENNESSEE_BOARD_OF_REGENTS,434216.00
SAVANNAH_PROP_TESCO,422844.00
TENNESSEE_TECHNOLOGICAL_UNIVERSITY,422597.00
TENNESSEE_ACADEMY_OF_COSMETOLO,417619.00
ATHENS_GARDEN_APTS_R_A,415615.00
Westmoreland_City_of,413455.00
Golden_Circle_Construction_Inc_,412796.00
Allison_Contracting_Company_LLC,410740.00
SHILOH_II_HSG_INC,410077.00
COFFEE_COUNTY_CHRISTIAN_HSG_INC,409283.00
Department_of_Youth_and_Family_Development,407860.00
TIPTONVILLE_MEADOWS,406762.00
Campus_for_Human_Development,406173.00
Barron_Heights_Comm_Dev_Corp,404076.00
SUNFLOWER_MEADOWS,402851.00
HARDIN_COUNTY_BOARD_OF_EDUCATION,400000.00
UpperCumberl_Upper_Cumberland_Development_D,400000.00
City_of_Madisonville,400000.00
City_of_Union_City,400000.00
Pellissippi_State_Community_College,399778.00
LUTHER_TERRACE_LSSM,397910.00
WESLEY_JACKSON_HIGHLANDS,397194.00
Hays_Plumbing_Heating_Air_Conditioning_I,395556.00
Senior_Citizens_Inc_,395334.00
Erin_City_of,391935.00
UNIVERSITY_OF_TENNESSEE,390000.00
CLINTON_FIRE_DEPARTMENT,388944.00
HA_SOUTH_CARTHAGE,388107.00
University_of_Tennessee,381302.00
TENNESSEE_TECHNOLOGY_CENTER_AT_WHITEVILLE,379931.00
TENNESSEE_DEPARTMENT_OF_AGRICULTURE,369200.00
Knox_County_Dept_of_Air_Quality_Management,369062.00
Paramount_Construction_Group_LLC,368000.00
HA_WAVERLY,364385.00
Charles_A_Wells_Sales_Company_Inc_,363426.00
ORCHARD_PARK_APT_PART,363326.00
BAILEYTON_TOWN_OF,362500.00
VANDERBILT_UNIVERSITY,362092.00
NONPROFIT_HOUSING,361800.00
ERWIN_HOUSING_AUTHORITY,358927.00
BEDFORD_COUNTY_SCHOOLS,358170.00
SUPPORT_TRAINING_FOR_EXCEPTIONAL_PARENTS_I,357103.00
Alpha_Omega_Veteran_Services,356838.00
University_of_Memphis,354978.00
Clarksville_Montgomery_County_Community_Actio,354762.00
CHATT_CHURCH_MINISTRIES_INC,354410.00
H_A_PARSONS_DECATURVILLE,352977.00
OASIS_CENTER_INC,350925.00
TOGO_PARTNERS,350079.00
CATHOLIC_CHARITIES_OF_EAST_TN,346070.00
Matthew_25_Inc_,342977.00
Oak_Ridge_Associated_Universities_Inc_,342702.00
Bearman_Golden_Gardens_Inc_,340318.00
ST_JOSEPH_VILLAGE_INC,340219.00
TENNESSEE_ACADEMY_OF_COSMETOLO,339260.00
SAE_INSTITUTE_OF_TECHNOLOGY_INC,338731.00
HA_MANCHESTER,336259.00
Knoxville_Knox_County_Action_Committee,333726.00
MILLINGTON_FIRE_DEPARTMENT,332500.00
First_Tennessee_Human_Resource_Agency,331200.00
Walden_s_Ridge_Utility_District,330870.00
Blaine_City_of,330000.00
MT_PK_VILLAS_PEMBROKE,329949.00
Metropolitan_Government_of_Nashville_and_Davi,325000.00
TENNESSEE_SCHOOL_OF_BEAUTY_INC,323119.00
RIPLEY_MEADOWS_HSG,321590.00
South_Central_Human_Resource_Agency,315264.00
FOX_HOLLOW,311710.00
FISK_UNIVERSITY,310000.00
Metropolitan_Interfaith_Association,305489.00
H_A_SAVANNAH,304598.00
KNOX_COUNTY_HEALTH_DEPARTMENT,302580.00
ST_LUKE_GERIATRIC_CTR,302197.00
BR_R_INC_,301245.00
Lincoln_Memorial_University,301224.00
NORRIS_GARDEN_APTS_LTD_,300304.00
The_Mary_Parrish_Center,300000.00
NATIONAL_GUARD_PRODUCTS_INC,300000.00
Project_Return_Inc_,300000.00
The_Helen_Ross_McNabb_Center_Inc_,300000.00
SWARCO_INDUSTRIES_INC_,300000.00
BORLA_PERFORMANCE_INDUSTRIES_INC,300000.00
DAVE_TURNER_DBA_CLAYBROOK_ANGUS_FARMS,300000.00
City_of_Chattanooga_Comprehensive_Gang_Task_F,300000.00
RURAL_RESOURCES_INC,299958.00
Southeast_Tennessee_Legal_Services,299758.00
FRANKLIN_ACADEMY,299275.00
BonDeCroft_Utility_District,298195.00
CHILD_AND_FAMILY_SERVICES_INC,297967.00
CHATEAU_MAURICE_NCR_PARIS,297669.00
GUPTON_JOHN_A_COLLEGE,295942.00
OAK_RIDGE_CITY_OF_INC_,295934.00
Absolute_Environmental_Contractors_LLC,295807.00
GREENHAVEN_TWNHSE_PART,294396.00
CUMBERLAND_REGIONAL_DEV_CORP_,294000.00
CLINCH_POWELL_EDUCATIONAL_COOPERATIVE,292148.00
SNT_DEVELOPMENT_COMPANY,292050.00
MAURY_COUNTY_OF,288744.00
Absolute_Environmental_Contractors_LLC,288084.00
Tennessee_Department_of_Finance_and_Adminstra,288000.00
KNOX_COUNTY_CAC,287434.00
EDWIN_M_AND_JEWEL_W_TRITT,286152.00
UNIVERSITY_OF_TENNESSEE_AT_CHATTANOOGA,285273.00
VISIBLE_MUSIC_COLLEGE,283645.00
Ward_Contracting_Company,282430.00
SPRING_PLACE_APTS,282308.00
BRADLEY_PARK_APTS_,280666.00
Country_Music_Foundation_Inc_,280000.00
TENN_ARTS_COMMISSION,276000.00
VANDERBILT_UNIVERSITY,275497.00
TALIAFARO_INC_,275443.00
UNIVERSITY_OF_TENNESSEE_CENTER_FOR_THE_HEALTH,275336.00
Tennessee_Disability_Coalition,270344.00
NATIONAL_COTTON_COUNCIL,269500.00
PHYLLIS_WHEATLEY_HOMES,268802.00
O_MORE_COLLEGE_OF_DESIGN_INC,267807.00
PNC_BANK_N_A_,265504.00
MCNABB_FARMS,264954.00
Old_Knoxville_Highway_Water_District,262920.00
WINDSOR_TERRACE_APTS,260720.00
MANNING_FARMS,260549.00
LOVE_BEAUTY_SCHOOL,260127.00
Van_Buren_Community_Development_Services_Boar,259800.00
University_of_Tennessee_Medical_Group,259336.00
STUDENT_CONSERVATION_ASSOCIATION_I_C_THE,258600.00
AMERICAN_CONSERVATION_EXPERIENCE,258600.00
Hamilton_County_Government,258564.00
ROBINWOOD_APTS_,256982.00
Tennessee_Tile_Marble_Co_Inc_,256229.00
RUFFIN_CONSULTING_PC,254623.00
Group_Electric_Co_LLC,251888.00
SISSON_MANOR_A_LTD_PARTNERSHIP,251346.00
MID_SOUTH_MINORITY_COUNCIL_TADP_INC_,250000.00
FULTON_BELLOWS_LLC,250000.00
Southeast_Educational_Inc,250000.00
PERCEPTICS_LLC,250000.00
Tennessee_Department_of_Children_s_Services,250000.00
RUTHERFORD_COUNTY_FIRE_AND_RESCUE_DEPARTMENT,249741.00
VOLUNTEER_BEAUTY_ACADEMY,249628.00
BUCHANAN_BEAUTY_COLLEGE,249286.00
IRISH_APARTMENTS,249178.00
MCARMOUR_ENTERPRISES_PTR,248750.00
Center_for_Independent_Living_of_Middle_TN,247602.00
WILSON_FARMS,246960.00
TENNESSEE_COLLEGE_OF_APPLIED_TECHNOLOGY_KNO,246690.00
LAKELAND_WESLEY_VILLAGE_II,246266.00
AHEPA_343_INC_,243765.00
UNIVERSITY_OF_TENNESSEE,243432.00
CULLMAN_MANOR_APTS_,243308.00
HAMISTER_HOSPITALITY_RUTHERFORD_I_LLC,243138.00
NASHVILLE_BARBER_AND_STYLE_ACADEMY,242648.00
TECHNOLOGY_2020,240000.00
HENDRIX_SONS_FARM_PARTNERSHIP,238800.00
Nashville_Davidson_County_Health_Dept,236999.00
GATES_APTS_,235583.00
SISSON_MNR_TESCO_DEVEL,234287.00
Morningside_II_L_P,234198.00
SPRINGFIELD_APTS,233160.00
MERIDIEN_INSTITUTION_SURGICAL_ASSISTING,228638.00
COMPREHENSIVE_COUNSELING_NETWORK,228116.00
GUNN_GARDEN_APTS_,226984.00
LBJ_C_Development_Corporation,222241.00
JOBS_MANOR_SHILOH_II,221021.00
Southwest_Human_Resource_Agency,218838.00
SNEED_BROTHERS,218779.00
Waynesboro_City_of,218238.00
EVINS_MANOR_APARTMENTS,218114.00
BOYS_GIRLS_CLUBS_OF_THE_TENNESSEE_VALLEY,217971.00
Lynn_Sanford_Construction_Inc_,217934.00
BUFFINGTON_II_LP,217813.00
TENNESSEE_COALITION_AGAINST_DOMESTIC_SEXUAL,216474.00
FAYETTEVILLE_BEAUTY_SCHOOL,216291.00
CNCL_FOR_ALCOHOL_DRUG_ABUSE_SVCS,215278.00
MAGNOLIA_MANOR_APARTMENTS_LTD,214495.00
NORTH_CENTRAL_INSTITUTE_INC,213795.00
ARNOLD_S_INC_,211214.00
Duco_Construction_LLC,208292.00
NEW_CONCEPTS_SCHL_COSMETOLOGY,208097.00
OAKHAVEN_VILLAGE_APTS,206584.00
N_W_HENRY_COUNTY_UTILITY_DISTRICT,204388.00
CLEVELAND_SENIOR_HOUSING_CORPORATION,204150.00
CORPORATE_FLIGHT_MANAGEMENT_CHINA_INC_,202500.00
ELITE_COLLEGE_OF_COSMETOLOGY,201331.00
JAMESTOWN_VILLAS,201000.00
OAK_HILL_APARTMENTS,201000.00
VOLUNTEER_HOUSING,201000.00
DAMASCUS_ROAD_INC,200320.00
Mc_Minn_County,200000.00
135_NO_PAULINE_PROPERTIES_LLC,200000.00
EYKON_WALL_SOURCE_INC_,200000.00
QUALITY_FILTRATION_LLC,200000.00
APPALACHIAN_REGIONAL_COALITION_ON_HOMELESSNES,200000.00
USA_LABORATORIES_INC_,200000.00
ACE_PUMP_CORPORATION,200000.00
S_RAM_DYNAMICS_LLC,200000.00
Tennessee_Department_of_Economic_and_Communit,200000.00
County_of_Anderson,200000.00
Technology_2020,200000.00
POWERS_FARMS,200000.00
The_Enterprise_Center_Inc_,200000.00
URBAN_PARK_TOWERS,199374.00
DALLAS_BAY_VOLUNTEER_FIRE_DEPARTMENT_RESCUE,199052.00
HARDYS_CHAPEL_VOLUNTEER_FIRE_DEPARTMENT,197842.00
C_E_LUCKEY_SONS,197532.00
MEMPHIS_FIRE_MUSEUM,197245.00
RIDGE_CREST,196980.00
WESLEY_AT_JONESBORO,196560.00
Norcom_Integrated_Systems_Inc_,193693.00
DICKSON_COUNTY_EMS,193364.00
ENGLISH_FARMS_PARTNERSHIP,193120.00
CROSSVILLE_HOUSING,192960.00
SAVANNAH_ASSOC_LTD,192960.00
THE_MEADOWS_LTD,192960.00
J_G_CONSTN_CO_LTD,192960.00
SURREYWOOD,192960.00
LAWRENCEBURG_ASSOC,192960.00
ROLLING_HILLS_APT,192960.00
WARREN_COUNTY_E_M_S_AND_RESCUE,192917.00
University_of_Tennessee_Chattanooga,191592.00
TENNESSEE_HOMELESS_SOLUTIONS,191150.00
NATIVE_AMERICAN_INDIAN_ASSOCIATION_INC_,191017.00
Tennessee_Coalition_to_End_Domestic_and_Sexua,190301.00
CMG_Painting_Inc_,189108.00
HOHENWALD_ASSOC,188940.00
WAYNESBORO,188940.00
CENTERVILLE_ASSOC,188940.00
JOHNSON_COUNTY,188940.00
ROBINHOOD_APT_LTD,188940.00
RIPLEY_ELDERLY,188940.00
Salvation_Army_a_Georgia_Corporation,188840.00
NEWMANSVILLE_FIRE_DEPARTMENT,188481.00
ALEXANDRIA_TOWN_OF,185780.00
UNITED_ENTERTAINMENT_CORP_,185220.00
STEWART_COUNTY_LTD,184920.00
COBB_AND_PARKER_LTD,184920.00
SPRING_TREE_L_P_,184920.00
SNEEDVILLE_MANOR,184920.00
Community_Alliance_for_the_Homeless,184352.00
REGIONAL_ED_COMM_HLTH_SVCS,184281.00
CITY_OF_MUNFORD_FIRE_DEPARTMENT,183270.00
INSTITUTE_OF_HAIR_DESIGN_INC,183094.00
FULLEN_AG_COMPANY,182325.00
FRONTIER_HEALTH,182275.00
University_of_Tennessee,181843.00
TIPTONVILLE_ELDERLY,180900.00
HORTON_ASSOCIATES,180900.00
Clinton_II,180241.00
ENVIRONMENT_AND_CONSERVATION_TENNESSEE_DEPAR,180075.00
VOLUNTEER_BEAUTY_INC,179234.00
CENTRE_MERCHANT_FINANCE_INC_,178996.00
RICKY_DANIELS_FARMS,178958.00
Tennessee_Coalition_to_End_Homelessness,177608.00
TAZEWELL_VILLAGE,176880.00
H_E_JORDAN_FAMILY_FARM_PARTNERSHP,176856.00
DEKALB_COUNTY_BOARD_OF_EDUCATION,176595.00
JOHN_A_MARTY_PARRISH_JR,176300.00
SUNNYCREST_APARTMENTS,175101.00
KNOXVILLE_INSTITUTE_OF_HAIR_DE,174944.00
UNICOI_WATER_UTILITY_DISTRICT,174154.00
STEWART_FARMS,173992.00
SOUTHWOOD_L_P_,172860.00
BROOKWOOD_APTS_L_P_,172860.00
HIGHWAY_VIEW_FARM,170934.00
RENWYCK_PLACE_APARTMENTS,170481.00
City_of_Memphis,170223.00
COCAINE_ALCOHOL_AWARENESS_PROGRAM,168910.00
EH_CREEKWOOD_LP,168840.00
GIBSON_HOUSE,168840.00
SOUTHERN_OAKS,168840.00
LEXINGTON,168840.00
WESLEY_STAGE_PARK_INC_,168578.00
YWCA_OF_NASHVILLE_MIDDLE_TN,168556.00
UPPER_CUMB_ELECTRIC_CORPORATION,168504.00
JACKSON_COUNTY_AMBULANCE_SERVICE,168321.00
Loudon_Co_School_District,167553.00
HURD_EDUCATIONAL_ENTERPRISES_INC_,166486.00
LEVEL_UP_LLC,166333.00
JEFF_AND_ANGIE_FARMS,166106.00
GATEWAY_VILLAGE_OP_AC,165110.00
MOUNTAIN_VIEW_LP,164820.00
CYPRESS_GARDENS_LTD,164820.00
SHAMROCK_APTS_LTD,164820.00
LAKE_RIDGE_APTS_LP,164820.00
HA_HARTSVILLE,163326.00
Vision_Perry,162500.00
BENTON_PROPERTIES,160800.00
RIVERWOOD_L_P_,160800.00
HARPER_ASSOCIATES,160800.00
BAILEYTON_TERRACE,160800.00
LIVINGSTON_SENIOR,160800.00
WOODBURY_APTS_LTD,160800.00
RIVERVIEW_FARMS_INC,160430.00
DAVIDSON_GRAIN_FARMS,160000.00
JOHNSON_FARMS,157255.00
COBB_AND_PARKER_LTD,156780.00
COBB_AND_PARKER_LTD,156780.00
STANTON_ASSOCIATES,156780.00
BLUEGRASS_VILLAGE,156780.00
KNIGHT_PROP_LTD,156780.00
LIVINGSTON,156780.00
TREMOUNT,156780.00
R_M_FARMS,156492.00
GREENBRIAR_VILLAGE,154943.00
YARBRO_FARMS,154836.00
Save_the_Children_Field_Office_AR_,153628.00
WILLIAM_R_MOORE_COLLEGE_TECH,153225.00
VAN_RENSSELAER_HGHTS_APTS,152793.00
HURDLE_FARMS_FAMILY_PARTNERSHIP,152372.00
GRANT_STREET_SENIOR_APTS_LLC,151919.00
COUCH_FARMS,151822.00
MCKENZIE_LONG_TERM_FACILITY_INC_,151468.00
Sherrick_Construction_Inc_,150163.00
SOUTHERN_COLLEGE_OF_OPTOMETRY,150103.00
Country_Music_Foundation,150000.00
KEYSTONE_LABORATORIES_INC_,150000.00
City_of_Memphis_TN,150000.00
KINGSTON_FOUR,148740.00
UPPER_CUMBERLAND_DEVELOPMENT_DISTRICT,148697.00
EDWARD_BUIEL_CONSULTING,148138.00
L_R_FARMS_PARTNERSHIP,148050.00
TN_DEPARTMENT_OF_ENVIRONMENT_AND_CONSERVATION,147000.00
Grundy_County,145600.00
CREEKWOOD_MANOR_LTD,144720.00
HORIZON_HOUSE,143197.00
BRADFORD_FIRE_DEPARTMENT,141835.00
Rains_Electric_Company_Inc_,141193.00
SOUTHEAST_COMMUNITY_CAPITAL_CORPORATION,141014.00
CROWNE_POINT,140700.00
COMMON_VOICES,140346.00
United_Way_of_Middle_Tennessee_Inc,140000.00
STYLES_PROFILES_BEAUTY_COLLEGE,138798.00
A_W_Leasing_Corporation,136960.00
HAWKINS_LTD,136680.00
HOUSING,136680.00
Ann_F_Bell_Custom_Window_Covering,135566.00
Uplands_Retirement_Village,135200.00
NATIONAL_ACADEMY_OF_SCIENCES,135000.00
State_of_Tennessee,134373.00
PORTER_PORTER_FARMS_PARTNERSHIP_II,133800.00
MANOR_MGMT_INC_C_M_O_A,133440.00
VOLUNTEER_BEAUTY_INCORPORATED,133419.00
TOSH_FARMS,133076.00
DUCKS_UNLIMITED_INC_,133050.00
MOUNTAIN_VIEW,132660.00
FAYETTE_COUNTY,132660.00
RIDGEVIEW_APTS_II,132660.00
THE_UNIVERSITY_OF_TENNESSEE,132282.00
YANCEY_FARMS_PARTNERS,132280.00
THE_JOURNEY_HOME_INC_,132272.00
FREEDOM_SENIOR_LIVING_LLC,131712.00
City_of_Chattanooga,131441.00
LINDAMOOD_PLANTING_COMPANY,131142.00
DECATUR_VILLAGE_APTS_,130582.00
William_T_Payne_DBA_Tim_Payne_Painting,129723.00
GRAVES_FARMS,128750.00
PLEASANT_VALLEY,128640.00
HARPER_ASSOCIATES,128640.00
SPENCER_HOUSING,128640.00
UNION_CITY_ESTATES,128640.00
B_V_T_N_ASSOCIATES,128640.00
CREEKWOOD_APT_LTD,128640.00
BROWNSVILLE,128640.00
KINGSTON_FOUR,128640.00
TANGLEWOOD_APTS,128640.00
WESTMORELAND_AND,128640.00
MCKENDREE_OAKS_AT_SAVANNAH_II_INC,128342.00
MOORE_FARMS,128196.00
National_Civil_Rights_Museum,128015.00
Middle_Tennessee_State_University,127956.00
Ameridian_Golden_Eagle_Construction_Co_LLC,126000.00
SPOTTSWOOD_MEADOWS,125876.00
C_C_PLANTING_CO,125582.00
CLAY_COUNTY_OF,125332.00
Maple_Oak_II,125112.00
CHILDRENS_BUREAU_INC_PORTER_LEATH_CHILDREN_C,124945.00
Tusculum_College,124800.00
PICKETT_COUNTY_OF,124760.00
HIGH_FOREST_PROP,124620.00
LAFOLLETTE_ELDERLY,124620.00
WINCHESTER,124620.00
SUNCREST_LTD,124620.00
JAMESTOWN_MANOR_LTD,124620.00
JEFFERSON,124620.00
HENNING_ASSOCIATES,124620.00
ARMOUR_FARMS,122612.00
METROPOLITAN_NASHVILLE_PUBLIC_SCHOOLS,122594.00
T_A_M_B_OF_JACKSON_TN_INC,122460.00
KSC_FARMS_INC,121900.00
Manor_House_Service_Coordinator,121078.00
CHEROKEE_SQUARE_LP,120600.00
TYSON_FARMS_PARTNERSHIP,120369.00
EAST_RIDGE_APTS_LTD_GA,120033.00
DINWIDDIE_FARMS,120000.00
Coleman_Industrial_Construction_Inc_,120000.00
PET_FOOD_INTERNATIONAL_LLC,120000.00
Towers_East_II_LP,119092.00
COLD_CREEK_FARMS_PARTNERSHIP,118856.00
FAIRVIEW_HSG_MANAGEMENT_CORP,118187.00
SUMMIT_TOWERS_II_LP,117932.00
M5_FARMS_INC,117630.00
BRIGHTBRIDGE_INC_,117269.00
Dunbar_Towers_Limited_Partnership,116910.00
LENOIR_CITY_HOUSING,116580.00
UNION_CITY,116580.00
DECHERD,116580.00
LEE_BAYNES_FARMS_PARTNERSHIP,116144.00
JAMIE_BAYNES_FARMS_PARTNERSHIP,116032.00
WESLEY_HILLS_DYERSBURG_INC_,115344.00
Newport_City_Of,115107.00
UofTNMTAS_University_of_Tennessee,114725.00
Appalachian_Regional_Coalition_on_Hmlsness,114461.00
WAITS_SONS_FARM_PARTNERSHIP,114390.00
Tennessee_Department_of_Correction,113796.00
PUGH_BROTHERS,113555.00
FLETCHER_WAYNE,112569.00
COMMUNITY_PROGRESS,112560.00
BROWNSVILLE,112560.00
COUNTRY_VILLAGE,112560.00
RIDGEVIEW,112560.00
EAST_RIDGE_APT_LTD,112560.00
TIBBS_FARMS_PARTNERSHIP,111691.00
WILLIAMS_BROTHERS,111648.00
GATEWAY_VILLAGE_OP_AC,111557.00
RAINEY_FARMS_PTR,110842.00
COOPER_SONS,109350.00
Horst_Brothers_Construction_LLC,109269.00
CAREY_COUNSELING_CENTER_INC,109054.00
WESLEY_AT_MURRAY_INC,108913.00
HARGETT_FARMS,108594.00
COLONIAL_HOUSE_LTD,108540.00
CRESTVIEW_TERRACE,108540.00
BPU_OF_THE_TOWN_OF_ERWIN_TN,108412.00
HAYNES_FARMS_PARTNERSHIP,108085.00
T_B_M_FARMS,107979.00
WILLIAMSON_S_CHRISTIAN_COLLEGE,107970.00
KELLEY_KELLEY_FARMS_PARTNERSHIP,107892.00
SYRACUSE_UNIVERSITY,106976.00
Humphreys_Co_School_Dist,106967.00
McKendree_Arbors_at_Springfield,106508.00
CASE_MANAGEMENT_INC_,105793.00
UNIVERSITY_OF_TENNESSEE_KNOXVILLE,105306.00
COUNTRY_PROP_L_P_,104520.00
RIDGECREST_APTS_LTD,104520.00
NEWPORT_MANOR_LP,104520.00
NEWPORT_FIRE_DEPARTMENT,104500.00
Children_s_Museum_Corporation_of_Rutherford_C,103849.00
PEARSON_FARMS,103752.00
COLEMAN_FARMS,102706.00
R_R_FARMS,102180.00
TAYLOR_BROS,100778.00
HENDERSON_COUNTY,100500.00
HIGHLAND_GARDENS,100500.00
ERWIN_VENTURE,100500.00
HAYWOOD_ASSOC_I_LP,100500.00
Bankhead_II_LP,100108.00
Nashville_Opera_Association,100000.00
BELLOS_SARAH,100000.00
Legal_Aid_Society_of_Middle_Tennessee_and_the,100000.00
Boys_Girls_Clubs_of_The_Tennessee_Valley,100000.00
East_Tennessee_State_University,98442.00
EARL_CALFEE_FARMS,98430.00
Cocke_County,97824.00
CENTRAL_PLANTING_COMPANY,97675.00
TENNESSEE_MENTAL_HEALTH_CONSUMERS_ASSOC,97655.00
RANDY_BOALS_FARMS,97561.00
DOUGLAS_SHELTERS_INC,96820.00
CAMELOT_MANOR,96480.00
LAUDERDALE_HOUSING,96480.00
WONDERWOOD_I_L_P_,96480.00
BLUE_RIDGE_LTD,96480.00
RIDGEWAY_APTS,96480.00
HILLTOP_L_P_,96480.00
TOWN_CREEK_APT,96480.00
GLENVIEW_L_P_,96480.00
CUMBERLAND_HOUSING,96480.00
WONDERWOOD_II_L_P_,96480.00
TIM_LUCKEY_FARMS,95912.00
REGE_LUCKEY_SONS,95427.00
TENNESSEE_TECHNOLOGY_DEVELOPMENT_CORPORATION,95000.00
Haralson_Property_Resources_LLC,94918.00
PLEASANT_HILL_FARMS_PTRS,94668.00
Champion_Cleaning_Specialists_Inc_,94000.00
RIVERSIDE_FARMS,93924.00
YOUTH_VILLAGES_INC,93580.00
TENNESSEE_DEPT_OF_ENVIRON_CONSERV,93518.00
RIVER_MANOR_APTS,92460.00
HIGHLAND_RIMS,92460.00
HIGHLAND_RIM_APTS,92460.00
JAMESTOWN_FH_LTD,92460.00
CENTER_POINT_L_P_,92460.00
PARKER_FARMS,92031.00
INDEPENDENT_APARTMENT_INC,91936.00
LANE_BROTHERS,91617.00
ANDERSON_FARMS_INC,90533.00
VOLUNTEER_BEHAVIORAL_HEALTH_CARE_SYSTEM,90505.00
BATCHELOR_FARM_PARTNERSHIP,90196.00
JQM_Management_Consulting_Inc,90000.00
METRO_HOUS_DEV_CORP_INC_D_B_A,89981.00
CAAP_PLACE_OF_HOPE_INC,89392.00
JOHN_SHOAF_FARMS,88825.00
GATEWAY_VILLAGE_OP_AC,88585.00
BRADFORD_APARTMENTS,88440.00
MASON_HOUSING_L_P,88440.00
JONES_FARMS,88172.00
GRISHAM_FARMS,87040.00
ROBERTSVILLE_APARTMENTS,86552.00
D_J_RIVER_FARMS,86036.00
SILICON_RANCH_INVESTMENTS_INC_,85220.00
GRANT_PROPERTY,84420.00
GAINESBORO_ASSC_LTD,84420.00
WOODLAND_ESTATES,84420.00
OLIVER_ASSOCIATES,84420.00
HAYWOOD_ASSOCIATES,84420.00
TIPTONVILLE_PROP,84420.00
GRUETLI_LAAGER,84420.00
COMMERCE_WAY_LLC,84226.00
AREA_RELEIF_MINISTRIES_INC_,84211.00
BEHAVIORAL_HEALTH_INITIATIVES_INC,84075.00
MURRAY_MACHINE_TOOL_COMPANY_LLC,83790.00
J_S_FARMS,83762.00
WHITE_FARMS,83400.00
JSW_CORP,83210.00
PETTY_FARMS_PARTNERSHIP,83020.00
Trey_Construction_Inc_,83000.00
TENNESSEE_AGRICULTURAL_GROUP_A_TENNESSEE_PART,82695.00
Atoka_Town_of,82680.00
